{"cameraMode":{"drawMode":0,"name":"Shaded","section":"Shading Mode"},"sceneLighting":false,"audioPlay":false,"sceneViewState":{"m_AlwaysRefresh":false,"showFog":true,"showSkybox":false,"showFlares":true,"showImageEffects":true,"showParticleSystems":true,"showVisualEffectGraphs":true,"m_FxEnabled":true},"in2DMode":false,"pivot":{"x":0.005851835012435913,"y":1.7162909507751465,"z":0.5545235872268677},"rotation":{"x":-0.17680659890174867,"y":0.1645946353673935,"z":-0.0300035048276186,"w":-0.9699225425720215},"size":0.5456052422523499,"orthographic":false}