{"cameraMode":{"drawMode":0,"name":"Shaded","section":"Shading Mode"},"sceneLighting":false,"audioPlay":false,"sceneViewState":{"showFog":true,"showMaterialUpdate":false,"showSkybox":false,"showFlares":true,"showImageEffects":true,"showParticleSystems":true},"in2DMode":false,"pivot":{"x":-0.30099934339523318,"y":0.6861953735351563,"z":0.28380006551742556},"rotation":{"x":-0.11312131583690644,"y":0.024751290678977968,"z":-0.0028177674394100906,"w":-0.9932897686958313},"size":0.19939929246902467,"orthographic":false}