{"cameraMode":{"drawMode":0,"name":"Shaded","section":"Shading Mode"},"sceneLighting":false,"audioPlay":false,"sceneViewState":{"showFog":true,"showMaterialUpdate":false,"showSkybox":false,"showFlares":true,"showImageEffects":true,"showParticleSystems":true},"in2DMode":false,"pivot":{"x":0.005851835012435913,"y":1.7162909507751465,"z":0.5545246601104736},"rotation":{"x":-0.40675488114356997,"y":0.1702136993408203,"z":-0.07742565125226975,"w":-0.894220769405365},"size":1.0667058229446412,"orthographic":false}