{"cameraMode":{"drawMode":0,"name":"Shaded","section":"Shading Mode"},"sceneLighting":true,"audioPlay":false,"sceneViewState":{"showFog":true,"showMaterialUpdate":false,"showSkybox":true,"showFlares":true,"showImageEffects":true,"showParticleSystems":true},"in2DMode":false,"pivot":{"x":34.559322357177737,"y":36.02633285522461,"z":-28.9022216796875},"rotation":{"x":0.1319621056318283,"y":-0.5929453372955322,"z":0.09928067028522492,"w":0.7881296277046204},"size":4.706934928894043,"orthographic":false}