{"cameraMode":{"drawMode":0,"name":"Shaded","section":"Shading Mode"},"sceneLighting":false,"audioPlay":false,"sceneViewState":{"showFog":true,"showMaterialUpdate":false,"showSkybox":false,"showFlares":true,"showImageEffects":true,"showParticleSystems":true},"in2DMode":false,"pivot":{"x":0.00218355655670166,"y":0.8893492221832275,"z":-0.0066249072551727299},"rotation":{"x":0.3773447573184967,"y":-0.01749943196773529,"z":0.007132041733711958,"w":0.925880491733551},"size":1.3155065774917603,"orthographic":false}